{"stats":{"minecraft:custom":{"minecraft:jump":167,"minecraft:time_since_rest":42944,"minecraft:damage_taken":60,"minecraft:leave_game":4,"minecraft:play_time":42944,"minecraft:crouch_one_cm":1595,"minecraft:time_since_death":42944,"minecraft:sprint_one_cm":40447,"minecraft:walk_on_water_one_cm":121,"minecraft:walk_one_cm":63891,"minecraft:total_world_time":42944,"minecraft:sneak_time":929,"minecraft:climb_one_cm":53,"minecraft:fall_one_cm":4105,"minecraft:drop":3,"minecraft:fly_one_cm":1072506},"minecraft:mined":{"minecraft:large_fern":2,"minecraft:spruce_log":3,"minecraft:oak_leaves":1},"minecraft:dropped":{"alexsmobs:animal_dictionary":1,"ars_nouveau:worn_notebook":1,"mca:book_romance":1},"minecraft:picked_up":{"minecraft:spruce_log":3},"minecraft:crafted":{"minecraft:spruce_planks":12}},"DataVersion":3465}