{"stats":{"minecraft:custom":{"minecraft:jump":161,"minecraft:time_since_rest":41465,"minecraft:walk_on_water_one_cm":121,"minecraft:damage_taken":60,"minecraft:crouch_one_cm":1595,"minecraft:leave_game":3,"minecraft:play_time":41465,"minecraft:sprint_one_cm":39605,"minecraft:time_since_death":41465,"minecraft:walk_one_cm":62945,"minecraft:climb_one_cm":53,"minecraft:total_world_time":41465,"minecraft:sneak_time":812,"minecraft:drop":3,"minecraft:fall_one_cm":4105,"minecraft:fly_one_cm":926966},"minecraft:mined":{"minecraft:large_fern":2,"minecraft:spruce_log":3,"minecraft:oak_leaves":1},"minecraft:dropped":{"alexsmobs:animal_dictionary":1,"ars_nouveau:worn_notebook":1,"mca:book_romance":1},"minecraft:picked_up":{"minecraft:spruce_log":3},"minecraft:crafted":{"minecraft:spruce_planks":12}},"DataVersion":3465}