{"stats":{"minecraft:custom":{"minecraft:jump":136,"minecraft:time_since_rest":8416,"minecraft:damage_taken":60,"minecraft:crouch_one_cm":1315,"minecraft:leave_game":2,"minecraft:play_time":8416,"minecraft:sprint_one_cm":33969,"minecraft:time_since_death":8416,"minecraft:walk_one_cm":52681,"minecraft:total_world_time":8416,"minecraft:sneak_time":111,"minecraft:fall_one_cm":4105,"minecraft:fly_one_cm":97437},"minecraft:mined":{"minecraft:large_fern":2,"minecraft:spruce_log":3,"minecraft:oak_leaves":1},"minecraft:picked_up":{"minecraft:spruce_log":3},"minecraft:crafted":{"minecraft:spruce_planks":12}},"DataVersion":3465}