{"stats":{"minecraft:custom":{"minecraft:jump":146,"minecraft:time_since_rest":16353,"minecraft:damage_taken":60,"minecraft:crouch_one_cm":1315,"minecraft:leave_game":2,"minecraft:play_time":16353,"minecraft:sprint_one_cm":37924,"minecraft:time_since_death":16353,"minecraft:walk_one_cm":55793,"minecraft:total_world_time":16353,"minecraft:sneak_time":111,"minecraft:fall_one_cm":4105,"minecraft:fly_one_cm":105714},"minecraft:mined":{"minecraft:large_fern":2,"minecraft:spruce_log":3,"minecraft:oak_leaves":1},"minecraft:picked_up":{"minecraft:spruce_log":3},"minecraft:crafted":{"minecraft:spruce_planks":12}},"DataVersion":3465}